Var1_1,Var1_2,Var1_3,Var1_4,Var1_5,Var1_6,Var1_7,Var1_8,Var1_9,Var1_10,Var1_11,Var1_12,Var1_13,Var1_14,Var1_15,Var1_16,Var1_17,Var1_18,Var1_19,Var1_20,Var1_21,Var1_22,Var1_23,Var1_24,Var1_25,Var1_26,Var1_27,Var1_28,Var1_29,Var1_30,Var1_31,Var1_32,Var1_33,Var1_34,Var1_35,Var1_36,Var1_37,Var1_38,Var1_39,Var1_40,Var1_41,Var1_42,Var1_43,Var1_44,Var1_45,Var1_46,Var1_47,Var1_48,Var1_49,Var1_50,Var1_51,Var1_52,Var1_53,Var1_54,Var1_55,Var1_56,Var1_57,Var1_58,Var1_59,Var1_60,Var1_61,Var1_62,Var1_63,Var1_64,Var1_65,Var1_66,Var1_67,Var1_68,Var1_69,Var1_70,Var1_71,Var1_72,Var1_73,Var1_74,Var1_75,Var1_76,Var1_77,Var1_78,Var1_79,Var1_80,Var1_81,Var1_82,Var1_83,Var1_84,namesleaf
9.09494701772928e-13,-483.25830338396,488.817046534078,-39.2839469767923,170.358118628791,241.234383041199,-137.911470889587,-145.640086757971,176.995319586953,88.1183602562747,5.51588064725911,350.550112748201,-150.077915219833,-100.082337380269,21.7738751951716,-242.149929701016,94.5721139268528,-57.8415227231269,45.6255882221218,13.5131005021837,96.8931211952152,-17.1827693714354,-3.39328882100143,-4.49931012320625,60.4654165744354,57.4836536968491,-27.5449721540863,41.4488919312383,53.0247983888193,-29.2800539653507,-108.408842051934,-184.16021965432,-47.3607922838542,130.106584595118,-188.525136426421,30.1651658762596,-518.378147674426,320.814215238913,119.116212105325,134.161417612537,-503.459019728862,4078.79250791946,-9.09494701772928e-13,-690.513113684481,-377.654302175929,64.2513766060571,662.060483506217,-483.213438314575,-43.1048823324285,-430.461100917818,-7.82299573642386,24.5927492323284,86.650795210406,-164.914670070364,-183.374004426506,-174.542287871065,-11.9328102103342,-163.756506702912,-174.463081682964,3.98188870517827,-27.4265434543821,-60.5810986455863,5.19891236737965,7.09582925216207,-5.69551813004515,4.53352977608267,-85.3584476086667,10.1289296169161,-59.901667283132,-29.5106733225803,-31.0239298644999,-119.083699877747,131.292539116329,-31.1535947174002,-40.911163451837,-73.4105407033474,-155.55807155349,-120.086699150884,277.583818166881,204.334926005942,-342.040112600015,-76.3230337574348,-649.556656664794,-9678.81472132231,Erable
5.45696821063757e-12,-1902.57836902736,-6643.65585586524,10105.6692920236,-2293.79627045056,-739.978794878842,-307.691237323273,-912.695567970906,-76.7121396580523,109.990656542575,-1403.23755239793,990.690893278394,123.557426082728,187.714612337256,-1076.59301800001,-755.173776208634,-122.482926578107,117.955697298175,111.780111612978,34.2218298864715,-425.86600053758,-180.568310708603,-107.04847025455,182.866929833297,-188.527715934215,796.38205024853,180.82130876977,449.20102345513,-10.5982323117404,165.225981172295,-582.855811589451,240.161523910543,-302.831297574914,137.573771442386,-1412.89880290885,-1615.58545976412,-980.21542595741,3654.82083890822,-6694.00563864169,-497.496424234737,9348.23678782425,-33778.7176075484,9.09494701772928e-13,13850.5907387582,-11065.0919589941,1121.16546895877,4273.82467965729,-3988.02977703674,-2797.58236011398,624.165567697003,-682.015028104711,-1002.4311732511,-665.849869052273,-408.94025216803,1055.23427617865,1014.68990471392,-526.25372668891,710.02000601869,-330.589348822405,145.308100345277,-98.872622940347,-873.951386979847,-876.173806944228,14.7402476134477,149.644837444319,24.7081997621499,62.571170653603,-624.791447765928,-72.1514870615471,812.246829455545,7.07238733022511,431.206556714127,-1084.67262918703,-553.868382688424,627.586638516604,-1543.15687732052,-2930.78111528954,161.318688267105,-482.219818082464,4370.937211981,-143.514635411484,-5136.23834268478,-5999.64662448463,-40937.3187406202,Erable
2.1600499167107e-12,-3615.78645411107,-5412.35257672492,2784.19187409784,2761.47598012322,-1359.70396033253,-54.8309503421231,-4.24558210756043,-455.13804848428,-681.479129518865,358.824015597425,18.7631520342634,756.476280358032,-57.8234594934862,-326.578719650531,-253.920512348931,71.3781432877296,-434.292665485821,-298.5674595805,-734.039371005706,16.8350111981188,68.2153559004394,129.617547754547,1.41322317100412,-239.010933498773,349.820690290177,-226.540283627551,52.6206872871203,-583.585992608526,-540.627492554892,-101.580712038392,194.900555570621,-528.230615898149,235.124739648759,-647.360261916801,-769.888186506855,-1559.22752358659,369.091444424526,2497.73408167789,-2911.7010775926,3052.58732653999,-5773.60344658897,2.79243295153719e-12,4490.00030875819,-3585.5735768418,-4316.36689578041,3262.99801197073,1754.10209519742,-2632.86384767074,-246.216693833236,-263.647477011244,-1070.2727963695,-192.902917252312,-76.5874279223069,381.522326141707,-24.2598002886351,-1143.27588057073,414.570176252522,-694.163968074227,-404.154433425624,-471.617296334868,56.0310592816365,-102.458145837115,-187.331770309607,-382.204518595004,-266.469403385189,-41.8651262108998,194.362299890088,-541.457127425817,116.600034738913,283.637296559036,-380.606114920712,117.705267991305,-439.137152800594,-579.442462630754,-226.114638181581,-551.837990873215,2467.39321764114,828.675487678182,-3575.15810955309,910.381019672099,-138.658830403711,-3926.29114276966,-36293.5859079514,Erable
6.80579710144816,-583.913023300693,121.786317604288,358.236329856471,346.084587213085,-71.2171865273685,-372.11940380401,25.4893146984432,209.706610460446,343.32602330293,-20.9852241137536,23.6631018849077,-249.185855075095,46.1370902731737,-254.631836496407,-99.5369996424218,56.4271900371383,-20.8364385996724,-26.656554333347,93.4618818007776,149.998794002814,-43.3407024957063,48.6651526846372,-46.9325511151721,-11.6669899548973,49.0454014611721,63.0237879622813,38.9798805137806,-41.39157496547,106.080523097553,-6.18998413207062,-246.186215228793,-215.037910794645,92.0041935167344,-61.5101267690328,117.91938620778,-629.554105963183,-183.102513482677,186.543740915175,52.2504367113931,-635.99881356661,3703.85441157304,-44.8724637681161,-774.326758168964,-463.759077038701,99.0289510616002,87.6659742814297,-519.368484053637,9.49503189662558,-294.874646845255,-77.475949516515,2.23195124456667,-423.799640922251,-319.602992629556,204.982675994051,-283.113536425937,36.2226696394296,-189.255237877476,-77.8339946310953,88.3063966444344,-133.394047582386,72.4896305656021,69.5369165018697,11.7249613347803,-31.0989657003464,7.27728765175734,-80.6096897805397,16.8030334810445,-1.56461370898414,-146.387462143955,64.5816943409445,-132.115946383978,49.3001157496799,-105.775376750389,-76.9510620556358,-33.8156575273223,16.8531486598527,-202.35898351901,13.4276718783015,255.748832493954,-79.3844330765614,-129.683204843873,-331.050189228779,-11402.5520107249,Erable
-2.99138491755002e-12,-668.816419977002,-14241.3110965228,5010.84324956645,544.677442755484,259.232752751137,64.3433745695627,2196.43115970076,-250.95034350411,-773.673018821013,-330.104612749552,137.379531885829,-431.014045178831,427.726517841898,262.774110798499,847.073271280317,243.339787414984,721.221936156859,14.5957631139866,-478.81660057661,77.3463484123421,107.41875836251,-64.1546260478445,11.0393148975486,-418.205599070031,-567.142956984297,-167.046701245129,-259.125139114718,154.782346494589,43.1104424850394,234.569659706615,101.218664840646,-620.119120677303,-644.861986322027,-223.034995835627,872.344014903137,229.083144789114,-389.34643510007,1523.01804748306,6191.18487279336,6211.06690233268,-22029.1495322024,6.43041175862891e-13,21328.4550598715,-5986.49230112911,-5321.00782793892,1723.25232140585,106.233819461288,1033.62211571148,653.026443834118,277.970509643235,-1205.42490634697,50.6963446104876,-745.235083328358,-363.442077731969,-669.150371752936,521.293727178403,-150.404467737792,-89.7915266580932,-50.0691786119693,-556.155599269905,-333.14792832148,220.257367970683,-124.2901906767,-111.122950162904,331.441076497178,-424.706945336201,240.529195860187,91.7328433347162,63.0984591772345,-921.872958511867,-279.38826141566,-261.176715336218,-734.105128098374,-519.373506203538,2121.30986721494,586.467832892826,-320.228501014651,-1039.75787563541,-5.93067823213198,-5905.21818577114,3396.51195129808,-516.300232837253,-43212.4210826044,Erable
-4.54747350886464e-13,-744.753588755729,-11520.9062740122,1032.5269779636,2404.44732142412,877.72649958488,1016.11339930905,-84.4239908095741,600.724966905808,-806.641419806087,-365.635354571224,288.32281621328,222.4966401433,271.23488079887,525.675659636157,624.176244773821,-621.853352522426,182.593472864092,-239.289315261125,-55.0885162148938,-776.022420735544,63.1901583842684,-330.9603708949,132.043698197253,-22.7491902669562,-243.260846780777,-359.037265319468,-79.6183000021272,-210.02819281041,31.7595561654575,381.203495233892,-91.2658916256991,208.292276951766,-1597.89708344392,-1444.87514159093,84.1170945311292,1536.53778024301,-2618.51011374861,3091.56847319151,3184.72987973067,4013.36528373278,-11784.6035287042,1.93267624126747e-12,14362.7530243639,-1127.18719487542,-7070.88929394014,381.423580655488,2135.68437894494,643.447556731325,-1260.47074881473,502.852154945145,-127.484300200549,-563.185998957654,-7.37942766157663,-511.766214133742,50.5315919409983,-563.595054662552,-402.757802219723,-147.105367773125,239.080877202916,-307.256295077233,-130.87465084388,-276.700043311001,64.8426802891592,-36.3626741122724,128.50111599165,-361.038785488337,-82.5851253463959,-287.55716508097,-577.919337939051,-8.7703035785989,187.071556709452,-177.647222571904,-478.854550174894,749.149226918677,-593.109035122098,575.225477645043,754.989606772657,-54.7965834151736,-907.272270578575,-5053.51863702263,2300.56507050898,-1617.41848939699,-38850.5752024626,Erable
20.5163636363635,-101.230990810175,256.120129475457,172.654622745412,315.191034187357,324.355699324263,-223.319381190998,-45.7655816035748,95.1436099251897,289.54698073233,50.8578580859811,239.276555467591,-175.134122334169,-52.536807992447,-3.39136048433569,-1.50144308508585,-88.6690498061789,12.8214520983092,65.9501819419461,32.1167407206984,-9.35701445870995,2.95409112190041,14.2728657321413,0.829679941338706,10.8384218154918,24.1745217837495,57.7410704479401,27.9474870606848,-12.7220000826252,75.9843275941186,-166.613062117991,-23.5347358515622,-40.0671228751411,33.9063167095377,0.976965301961647,56.3281763150852,-465.780379812335,31.3687613326162,192.414172371866,23.1518469816407,-336.344471579272,5047.07138026721,-32.4472727272716,-508.195633506759,-316.059412667942,40.6466045770382,355.571474288136,-469.370398317984,-84.0453097236061,-105.79644235473,-182.336306995746,6.32242178408863,70.6773726560925,-370.714973913296,48.7854997646901,-108.392612378092,-74.469892966558,-6.98819849341823,-47.2018978088094,-50.1180741216025,-40.7465987668095,35.9577216804201,-12.6955814751305,-12.2226149219669,-31.5882772105209,-2.80321952456503,10.0728102686613,-7.22698994612378,-2.95998936034425,-10.1993867565933,34.0342083413525,-29.6522671773089,-63.9324097848496,-138.04572147246,71.2289313173411,9.91584562984408,-113.715769282765,-26.7647142616474,-152.306985212799,237.474092897227,-114.335264959311,-168.717162804857,-713.142748887214,-5788.00986710188,Erable
-1.01962882581574e-12,-295.309325727418,265.210532757645,113.214718879815,-175.290137794845,637.270945630535,-79.9507161551798,-126.20042452956,39.7137623801704,238.932845892462,-341.247552055922,378.341345915233,56.7742366655402,7.33255751824037,215.21500879163,-47.2908218462239,-69.990625122931,-50.0446436733713,9.26587442209631,-28.1818221328413,-251.640724188315,51.1007481563094,25.772656694208,55.1521743210664,-24.1038458506999,43.7175044215717,-14.9573085401735,54.4178746725659,-154.804957241027,-124.574595385329,-5.62584724617294,20.8110144255998,167.541600980817,-72.1841031137065,-234.927867515311,27.2330476143468,-416.553498423322,566.418352351492,-58.8037175889996,0.120652358185432,-548.414123981511,5162.93613186128,8.82849349181924e-13,-786.062371940089,-477.50349961021,-310.140304532137,731.566181325119,-153.470416336616,159.642678495474,-312.255827329369,-411.259679238047,-273.438566999165,-70.5138130655298,76.305811341047,113.620013032454,-259.820241097931,-44.5055631487486,-81.5043999368356,19.3121237778731,-157.011035682181,-81.8589612847438,-95.2926926760116,4.253380568588,-34.7605253595749,-27.9712324809721,-23.7693078543789,2.12127263902525,6.36020373310596,-72.5818796145996,47.9573918375991,-17.2629446980176,-54.6693248441607,71.2092145521809,-266.773384515612,-65.6963994992827,-119.975829012699,-21.2162285602791,-54.3971132529652,298.018118481713,-68.0649236779512,-354.598877964883,66.6180783229135,-1050.10116585128,-9181.23344472431,Erable
-5.81236203090564,32.2383846236506,-1846.0834366814,1480.04712321105,738.258660437563,-1651.0026163106,-22.7199990389348,510.228797502185,-233.878621944238,168.183102735972,-94.8846149682601,-135.227539052199,-127.224629379542,318.986176783995,-110.518659099029,-10.6351217197455,-87.0274025751074,292.456217659193,71.0334071305116,7.29828597195779,129.647445187941,13.2657766554191,-55.4613894839769,-141.592522086472,-17.9565580686746,73.8205944004525,35.8207252764495,-223.214733634468,83.4222124303237,-50.7965269734389,-50.9043183711941,-34.060195030901,270.709959281526,-208.358021528681,-38.2579971795186,1202.95348567497,74.1423623047037,-928.612966191801,-48.4104626555653,-249.508997222122,1811.17537416981,-3869.71273737263,-47.0441501103755,1128.81054544566,-833.616289881038,-1321.59279519318,975.526870061669,666.121615229674,-144.122275418391,60.2976390874369,146.361384877521,202.325077647566,-128.840665061092,-491.916128703444,-94.5508505918973,-686.463323211271,-200.952914179243,9.50080321602838,-83.571732621067,50.5892079207276,-247.35188069309,30.2856867402577,-88.7352629825059,-16.3068929107376,-79.1879301070761,76.2535407409227,-0.943486135605858,-35.4963964753118,-32.2027810502456,-248.334247869391,-54.2567395123337,-301.409532086851,-40.3038627906871,174.905783898957,133.530243413614,155.322707224211,156.202469065803,-299.151331661716,182.389701334838,68.2938430592998,-477.273660258275,-735.773893129753,-726.078734811184,-17582.3532667945,Erable
2.18847162614111e-12,-2556.89666832448,310.103021650344,2158.72130092488,-1530.16587131346,819.106376037021,-467.991215489113,-24.2643311965816,94.4439372411661,-97.2894144322795,-199.695775215196,-197.260163209235,-603.749201115983,-318.737233311247,-234.535398594555,152.47215613162,163.964626415864,-13.215627717429,238.524217720938,-191.305882850887,-1.60906651772824,16.3101100586054,-112.535950958533,-87.7771049952147,-121.286948617584,131.734165777121,60.2569679756194,-25.02640743239,-183.680537066788,307.947154219166,148.667962047518,23.1686249221585,-314.616512419866,56.6472342265806,-501.280573784136,-1151.13791668115,-1358.61377131051,1497.95309706153,-645.963715503038,-344.735277213901,2528.57813614563,-10970.2215904739,1.4210854715202e-13,2844.88552943744,-3653.64903999497,2425.15664956463,-234.171399710372,-1681.23053480073,-312.533125215343,9.6388359602535,-287.139789733578,-41.0139624863063,110.192977674119,163.808369730481,-857.277019562986,-512.79132038717,0.585209342104381,271.738413881395,-155.296091200193,78.5304689459535,-43.9201483565365,-41.8857643449632,-71.7513669684352,2.81119777253484,210.952544125539,-16.8604449092371,96.1859578109054,73.9377464309594,-107.413919994045,-154.655844911943,-365.21631645248,-32.9652414126488,57.7703372651734,-267.511794507151,213.595029477321,242.616392862843,-286.215777090989,-193.286890704041,-1045.35764815959,735.550287976916,245.340501579075,-488.816514874425,-1384.76917384212,-15501.4488909796,Erable
9.09494701772928e-13,-703.949193687283,-1124.32812300023,-2.71056180192762,1233.26510514518,462.250733266536,-1008.46775066455,-438.168337304202,396.326042333379,-144.254978984871,260.664564674684,43.1385845690671,-112.990699687741,-274.228790208092,-379.938831542151,-32.8436561480432,-182.132912888844,-95.5002117458754,-42.6567870086505,182.258231144466,-76.850183693113,-117.439625277462,0.991762469234538,92.5035866688273,-62.7095945258588,-45.79696378331,154.680390455619,-17.9813365525754,11.7394819877085,-16.703113357368,-358.204797707566,39.6417733989459,-266.947140734553,31.2760967230772,291.384216085905,-622.36731783935,-600.583696497382,109.724412640595,61.1909275616055,-562.424584991607,1328.58605199682,-4033.91185679308,3.41060513164848e-13,424.852190460846,-135.493139709017,-1135.36458180864,116.575880624227,658.64211544113,-699.090899429037,-372.04826050093,-329.186000172397,39.1795658541164,-386.316335331374,-91.4956940321968,-309.061192647764,-186.983168912352,7.0987233948051,-22.5575115685945,-146.803967620472,217.421565521457,-27.1112854276195,-152.842331795026,-241.573798838331,-33.6533036854364,26.0002785047709,44.5599180930783,-114.083953878271,-36.3080507024899,-90.2303256100223,-7.58840037419302,-101.312224498219,-22.8578201026304,-51.2176531541358,81.2854776078765,-113.941265719765,-264.978762681711,-630.230273182777,754.332149425142,583.128608549145,-604.680462982663,297.931430508989,-1297.84103452663,-873.709381378455,-14652.563774818,Erable
-2.04636307898909e-12,-5625.61519076903,-6443.0583458296,3055.90871498785,2416.60837306727,-974.199270142073,1394.5007304085,-490.086183826793,-233.416234490431,-265.816196243235,-952.86535605764,925.368480306064,166.442506829396,108.47296914471,201.345585719958,234.229041801485,-454.627580701939,-220.9007535639,-179.730469213021,152.509196768705,-380.362613561337,-9.14577832496592,-15.3228638271513,119.561506243796,107.396601955049,-397.833855038689,-75.5991038945914,-386.075096441478,-270.59566037372,-517.916871023665,632.996502038759,89.0673060928354,-241.504461225707,-241.359915887131,-1650.69225922365,504.228711312353,-621.315692765487,-690.603705896545,3263.71983001562,-2189.95078305815,2061.9192125618,-4495.92587598269,1.81898940354586e-12,8670.8351253306,-3867.37378574524,-4913.09956566471,2197.80871012124,1255.53349177479,-520.571193354903,-826.383209158646,150.2045557439,-302.643346139425,-22.5899005787695,-508.871201855829,-133.345174846026,-782.186228288012,-6.95077289585563,-799.84045865803,-127.691268458966,112.418656048443,-211.570405493236,61.4521084596207,-321.915536766946,-37.1486435481263,-81.3999610275731,-78.0898950315734,136.854164586303,-355.646220209376,76.3002960339126,-441.085781881143,-26.6488891311665,-17.334180103017,-437.732546856694,-199.148845306594,193.186864833695,-658.83159728414,577.065286477113,988.001885010597,468.606366938508,-2596.14101456517,278.674910335256,1893.7473481492,-5618.85022660705,-32390.3696976951,Erable
1.406874616805e-12,-4064.52352545075,-6648.76097319485,3618.72134295991,886.739874432313,216.593321217236,701.768253274315,-205.022553455133,-411.894617903073,-456.992156669284,202.073105005725,555.537619403704,536.742597737505,170.785137323323,397.905413459289,-105.431502520684,-822.119948728856,-39.5974155369981,-109.54936287583,-87.9139013442478,-273.402914621393,156.855806907419,-28.8354082943835,149.918875397646,142.739863639989,103.151939841639,-178.46622335877,-168.229918388139,-365.858658818556,-71.6784375982619,118.284894099322,-4.7366168822917,601.530365271835,-628.263775406612,-1021.08644183043,-226.50447060545,771.602527202619,-1857.03788245113,2093.86208541017,1348.6503828743,2519.43696029562,-6081.90406075265,-2.27373675443232e-12,8851.27707101778,-4546.76025778906,-3602.81723780142,1761.4423864168,743.837360807587,-182.095140443348,-1289.73371972459,366.15903790898,-519.4158083554,-497.410513053653,100.867870816153,-533.602608194692,-170.932384401751,-465.235205716294,-311.357259739034,-294.274669930271,275.127203699377,-336.194985822592,-106.49071300496,-389.135510883655,-82.9791070751913,-110.356608363384,214.720020811223,-253.440986715247,17.0081935506744,-2.50259681131868,-274.189811465675,-242.680978068691,136.732620450501,-70.278951899206,-557.012576136096,264.464931892684,-496.386404426749,479.212652415048,431.016982226133,200.210021106116,-681.573461343388,-2553.26285046642,1933.05931269684,-2778.17747528024,-29339.1268603387,Erable
-4.45155023953703e-12,2781.74365569516,-4287.71210840745,-1442.28423320051,3323.4658706984,1703.40221030579,352.088788393664,-588.822190416691,580.6085642715,-365.461783116453,-319.140965539854,-409.431556670421,1233.84762816201,474.809473541919,117.180135218377,-356.19036389055,141.781454212926,-756.960180768973,-65.8951230705395,-167.43865118545,68.5950108660923,195.406850600862,212.431451509787,364.274263940346,-57.1479278328818,131.686755826127,-55.8932670515008,-272.269285246351,-771.716612802084,173.645493827967,325.123151270633,621.269515596824,-610.467582275121,-166.987355393962,-342.844520495687,-457.978962418447,-1429.01114206689,215.539354975481,2357.07218083052,1454.23113419204,3023.73292697567,1710.00520918295,8.70414851306123e-13,6124.4313104955,463.548786933126,-5289.43776044232,-715.014378348633,2633.93382564332,-331.347217216397,-849.306050778688,-425.020772529444,-1940.33451572477,-76.8816306467049,-264.984465266176,-199.34783217171,257.926943302199,-749.063554718289,170.322577563673,-679.710417988821,-337.681560999396,129.322484405276,-351.278880244908,-316.483257076657,-98.585988777036,140.344624259111,-55.3652119022473,-159.357193692543,222.888190913768,-412.998045089944,212.375404870414,-347.48101960773,-333.638424054864,161.964042535441,-996.2175375895,-511.599865541504,201.852674721454,-533.005391502305,1655.99415004109,75.8383798165419,-2935.89110256383,-545.67864803577,-722.712100305178,1126.68742204059,-33358.1828837665,Erable
-1.31497418244345,-1556.54375842937,856.890395808312,255.301206175902,419.742461380986,896.134916959006,-500.37706371164,425.28203627065,-705.06034217861,120.795462146886,434.951710853774,409.190616992453,-481.528373486142,-738.34420810385,-219.423623382326,422.564232254529,-536.678453534007,-170.963627397712,-70.0860582999163,224.531816170452,270.577158457508,32.5314296724706,11.8479614002671,103.76586298794,141.313063145353,-169.974436143663,193.698516295567,357.91629509511,200.920540976648,-319.836355460326,-119.333075816482,-183.479076922451,-290.65645460547,-332.514898461012,41.207621278489,-868.514944661379,-1086.74660218865,1359.52063972799,-334.093130501473,577.386704025411,-1353.1776649856,1841.21181202554,-69.2168674698792,-2473.79381389964,-1917.75072893096,-51.4364467930533,1186.45185546131,-891.163910650291,-352.536739712909,-863.464873498051,168.424305318538,-248.377235718854,-590.176781717584,474.072695487302,-249.009254221754,151.351369708287,-643.758759467059,-579.375788764126,33.8503977543679,-325.473885731922,217.645634661851,-59.8510298627732,-152.585800325515,-1.1564092590956,122.239714503292,-183.311918525135,3.68328929956305,-344.303833593931,-312.81499990703,181.125351035895,-17.0285433079051,134.757474576027,-443.131334780144,65.2874463262205,163.458709445555,-1393.86648809082,64.8466104094294,-959.146712748795,2223.23653744884,392.455282590239,-2213.47547979926,-1576.88755656317,251.908234998336,-28378.6273157458,Erable
-4.2632564145606e-14,-166.462735667738,677.00511219602,612.044353809756,-1272.00164634292,-230.185439755434,-208.351586139766,-5.62518174061186,74.425736076788,60.9330625391851,-80.9041462741302,-40.0160748755015,99.0406290496219,-412.662023516554,313.735424491413,-108.352344871778,227.099999516977,41.5139381559713,14.9606090751392,259.00494672432,-152.374848595572,-126.441251511508,-36.0313289297718,47.7852635012201,-96.7993420970127,95.6997711556363,-143.137304036259,155.088584534307,-87.8235617701432,23.4518402847669,-42.8982420174943,207.454546408655,-28.6163476080964,-15.0269457696012,401.782947143608,199.99947264414,1068.51560113442,-785.451936147439,-914.789830266603,451.079748391995,-998.363009808672,1163.6286892582,-1.64845914696343e-12,-1656.18596137946,210.722723696014,-312.875032180889,-270.597975688109,608.259538900454,-216.11721688216,461.198521917908,324.587332682247,-144.66204387011,402.210963541279,-201.155868733441,-258.94402926701,-396.618633831665,309.930911826956,-99.4680508651669,-78.1952471752785,-242.196690025254,-241.86880825486,-106.657128021424,-82.0597731094013,-72.3353762064107,-40.7210407637486,-31.4065881263037,-56.6533537503256,72.7577831004393,23.573298156907,-131.189604445795,-203.524552751279,-158.294372587074,2.71301832757087,-169.057160582182,514.597896928359,192.315351431052,-126.27448185757,-14.5804051113097,-77.279097635687,-862.020044464384,98.9867481402333,-716.726372537863,-350.637855287845,-18239.3849457479,Erable
0.452736318407432,255.43471020115,-63.7501052286328,-18.9703590881137,24.8368930127041,-26.0259978514245,-23.455102597893,29.7838793054244,-0.910960003238804,4.75438640288721,20.7325022063496,6.47222928652452,-12.38724644458,-11.7412620487274,4.66712395635871,13.0858070538784,-6.79343794757985,-1.24132302223419,3.61570997137103,10.2505639268128,-4.24591140119217,-4.59385223695733,4.54707013051428,-3.37726244815081,1.03772269374452,-2.5745244065862,12.8942226668032,4.85330630715274,4.3175279770066,9.40580844439293,2.77678349602482,-9.80357217984334,-7.44194296465253,-3.09691125527226,4.96631283334933,0.227942230473074,7.66708521043108,4.20357818416565,58.8609001106372,25.5893152406524,-103.314388969548,-246.477590929749,-28.9004975124375,1133.97382964019,-67.3911092201385,-473.481904672716,22.6695887916497,163.17396595004,-10.6900345482174,-127.273652960019,2.61666269471721,45.6671862593655,4.29053310604012,-43.0253617872461,11.1261208565147,31.9534251362671,-17.4411569117105,-36.9200093385932,-5.30228824634442,12.2962892503618,-16.0402920337847,-28.4545055186339,-3.67345895943496,-3.61088793520506,-1.15404081590034,2.7239870520987,-7.14246017179373,-7.96721143100172,5.24376464757401,7.136444948179,-12.3603908038701,-18.1461398958994,8.37761017093315,48.7564278895435,35.477132212166,-47.1959280901328,16.8931503294024,52.1164128283192,1.38244831757493,-98.4880763737829,37.0417213359557,362.297927809472,65.8179769810299,-6800.49518858228,Faig
3.19744231092045e-13,-235.64265633495,-22.6458565779919,110.673230528385,25.2851848263902,-68.7740189756852,-3.86840713837391,23.4420794559773,-1.07546748350995,-7.12668974717931,3.86006563068501,13.0133496742077,2.93398620976323,15.5588246325188,12.9756438495134,-5.42862131319209,7.97460123608638,7.15253423601541,4.7401457973208,-8.6495600783529,6.9763673978342,3.25720346990207,-3.1329242587633,-4.52913804532369,-6.76128080682769,11.1614700640133,-9.07657117828943,-11.462536977585,-6.22222363075644,-3.77005980210849,-3.89364184489251,-4.85127809351811,-6.37067202317259,-21.1481462795085,4.08200884716588,29.432302876191,6.96286877469104,-35.1086103000533,-20.5391625466474,175.813056605762,4.35367395565325,-934.413328617184,8.5265128291212e-14,470.749853224186,-20.7787057965111,-142.686458264812,-1.24455945496426,12.6799555795961,3.16675632801437,-0.19193166718219,-14.6409704222898,2.41604345944578,1.45767543512087,6.67177411031249,-3.87520601153977,-23.6365870377625,1.05134188675952,1.01476444936118,2.11017873188068,-2.60459806653816,0.0239388286769142,-10.0680420242592,2.64634864903251,-10.7198930909551,0.456422763621136,-3.71100152723417,4.36436394061155,-1.51534570265782,5.02374647737647,-0.439997821615781,5.81721972611417,-5.88177225339508,-1.93876090264697,-11.1871122456408,0.36983025915461,27.2039087281538,3.72669765811752,-5.36393980736281,3.21397259517987,7.84116192312254,0.592260935520457,97.2093268755329,29.7035016762365,-3278.92533845203,Faig
-1.84741111297626e-13,-215.069927839475,16.4410177097859,121.255154191545,-18.2831917033919,-37.1077800544788,-12.8417572378172,37.0957917424661,11.5673889071963,-22.8605816547609,3.66002694881182,13.6127395236241,11.5206506755686,-11.021599295433,3.59722303987961,7.00032043944369,6.70397023205477,-4.05462319908039,3.13558150808937,3.00059353145435,2.39980440831836,1.4871968687345,-4.08267226352717,0.902412615845888,-1.86113201935969,-1.46776798823973,-2.80865205399938,2.99186358816928,-6.02247201624135,-2.68660463706639,-7.39132007954193,13.2113066729063,-8.7732997640078,-15.0608541178688,-0.0898468104094101,16.649168292437,6.56138858993527,-42.9565484892945,10.3817329997253,48.038806121558,14.6709540724481,-388.780465591628,-2.8421709430404e-14,329.198881232508,22.8680959922886,-179.690388148281,-49.3003354550463,44.6972034323266,15.534125538787,-12.4970846468896,-20.9724306599821,-14.4482544749812,-3.4783059419608,4.42379831897841,-1.68327197562982,-9.65536707435051,-3.93612156084715,2.12620004518245,2.48275350027935,-1.40780885973036,-6.66551838203125,3.58216623786902,7.20811515673433,-4.8401081937753,-0.576810782251729,-0.973743945403196,6.18468177713125,5.86188767232062,-1.71597972212825,-0.886975411449947,-0.799409597234809,2.65536707435051,5.71856150684195,-2.17692432884673,-6.82827771237543,-6.7623078443708,-0.98580283527287,8.12786743019868,-3.50445561564454,-8.88147502125156,-10.1221086460488,111.108779998186,36.4805038074373,-2928.91540602882,Faig
1.80620155038778,45.407180853637,49.7186628397461,16.966536908823,-27.7598883107596,6.36112791441668,6.69824775074801,-5.37693095999632,-10.5366668581397,5.05207285353002,24.147775490362,8.03580511135542,1.19120190470455,0.940434944449381,8.74737494897222,2.39594342560209,-0.48026105909895,2.72561328412704,4.75196676247216,5.19575982435104,10.5959086984895,2.53087986578379,-5.21312260977625,-1.52430034531107,-1.63727102020622,1.54270238721396,3.05271597188237,-1.88790871402881,-2.5881948200418,4.29563303305041,-6.25025564388369,-0.887374684532152,-1.76431156250415,-7.83890831777083,-9.57385960377187,10.5423344396869,11.876387956736,12.79601248758,41.9896798461759,-59.2873200476905,-83.6464532952872,121.762578928181,-18.7596899224808,391.125681202365,-39.2057620300983,-138.870321514229,-0.821681142657102,50.9421843514235,-10.6524037733735,-39.4879951794334,-2.87549935626686,13.7494262322462,-10.587463839507,-19.6904652281374,7.20028292282564,11.3184860349751,-6.81952317801293,-8.15912868493644,-2.67297051876302,6.2345702312879,-2.12086959072446,-5.08410182173664,-1.44160769309326,-4.19238760794066,-3.97733012333857,4.79543073163402,4.71936755810263,-2.90745752854614,-6.79833339485227,10.4451565513614,9.06100881973715,-0.992248113725874,1.07357912990138,9.93100303721758,6.34597288219817,-9.65172204966353,-3.82601662865536,12.7840160284748,19.0716733194852,-6.90312244945463,-7.62152571585979,163.927169384289,48.9517354692825,-2816.67709481521,Faig
-2.55795384873636e-13,101.861653828216,-11.7961376693951,8.96828037271867,-16.0332164353866,6.27522901789312,11.7578753200594,-3.91147412780977,-9.77560565223789,1.60506442066624,12.3328162848637,1.50643854528499,2.87296011447432,-3.76877860783574,5.02394738561477,-0.978759062068111,5.6433424203724,-2.9953236170807,6.60862115794216,3.13386913820357,-2.11367408776387,-2.69615242270663,-2.26015298735815,-5.34249156074655,-6.05366302585478,5.55491892127463,1.29020390947439,3.02511517801593,-9.7827178687584,1.38463275566639,-3.49846554522644,2.63817176955448,-0.0275712555393435,0.641915183051238,-3.66851716358025,-3.91147412780977,-5.88075651525973,11.1310632295394,32.2531687172653,-30.2183486298417,-22.7007490785325,-56.9731108492828,-1.27897692436818e-13,376.76312365339,-46.7835494844882,-127.396805861433,13.3725667692135,52.5540264048896,-10.2100422825702,-43.8603052621769,5.50009118125209,17.429715801892,-11.8283050104586,-21.4919070498968,3.15906221984046,9.58749142049811,-8.70226768434704,-7.40263795501918,11.8180785439297,2.50572645590506,-7.18996144559185,-12.4335450428717,6.5121736214744,-8.59807621135332,-1.48849058177371,-2.66728648194432,7.90375318137627,-2.55753593537929,0.00240719701078018,4.11656631088259,6.94349720120341,-2.91411940693015,-4.34981328931462,7.16440690397099,2.4582171448467,-11.3318811228473,-2.62140006397461,1.87391952903099,14.0427454931348,-10.1252370653885,1.74939928487182,149.768085716046,0.958114427659555,-2683.19392482571,Faig
-4.22292993630558,-20.5770688355196,-80.2210908155395,168.907977126229,-20.1176148403886,-99.6831244787181,9.27494465846192,70.3919966915031,-2.93721774068388,-33.208463979432,13.1573036461822,35.9163405506332,-12.3696533784508,-11.6487263470828,7.92856181339866,0.826387438513302,-1.09330246104397,3.52818759627104,0.272782217140905,6.41589612107135,2.58575853473351,4.70951584855035,-1.88689722414499,-8.65916730710095,7.08483769715446,3.81483522965552,3.94541140364868,11.7610372788077,-0.139022655355031,-7.85568110251662,7.04276918653044,6.47308362245434,-0.0521113982429107,-29.1544407765461,-8.02468157342162,35.7555299624298,19.6019753773906,-41.6497244439989,13.1290444811028,104.864573430851,51.8811344856252,-949.925440320131,-20.3057324840764,804.432500377718,-66.9200133786856,-211.840349347567,7.37139934233758,64.3259425921427,-17.825843194746,-19.6729512781124,-13.0206718658828,-14.0789234355612,4.49561631594832,1.84963088310883,-5.78408839725143,-19.7750071098904,9.46818994409884,4.17642803318981,-7.30546569264714,-16.790516424316,0.508184885890526,1.30460566687388,-9.524759221904,5.73748623506261,2.33751347512565,1.67977679397854,-0.94876109981277,0.909166352868746,6.37606290883977,-11.8875493464252,1.08357806465298,8.89757931280375,13.8454909098787,-12.0714069433599,4.89569720231446,10.0665956382267,4.45032305286271,19.00133784164,13.9212856314397,-31.8955171199355,-23.8242159557395,258.180828153912,71.0012778272473,-3983.06553343013,Faig
-9.644171779141,-482.272149016561,-11.550059849133,297.423086489949,43.2813661573094,-113.954624561605,-37.0610049998717,25.8559332779562,13.9776451525429,10.9470123317229,8.99706586387128,-31.7948001033788,-8.52637027462801,10.0478477934677,24.7438403497009,4.19605685046421,7.14270772336856,-6.20207792143403,-6.9151258222014,7.02394793706518,7.69083245098927,-5.03993911459313,3.37157104413018,7.13148569134325,9.1763246113748,2.4429150629787,-4.03383987757167,-0.0368319027819486,-12.1703014603998,13.1751833447254,-5.60759518536736,-2.5457848659136,1.29514000173653,14.7942351257216,7.62597826936503,15.7718683297445,15.0175540466036,-38.0020558042775,-19.4071318151511,193.57221927839,-4.74194445112868,-1605.0506555162,-24.4539877300614,482.580864865494,-32.1717008264829,-123.406717463019,-23.9476420379577,-58.0950342978608,-32.1506093764299,47.5360566628921,15.6587894752358,-45.0124268542549,-15.2217215175986,-1.25672015376495,-6.01174217742564,-1.06971049947747,3.24917551522856,-13.4973981979035,-10.6764899784364,4.21744878263027,7.30908892845272,-6.02393525541002,-5.96286937368126,8.76727783900705,3.78244789230943,2.63664975884762,4.7332254967607,-2.70223174099436,4.06494324305712,11.1237709264394,-3.96356532325182,-11.5553084919709,3.90382945905441,-6.17558606870026,10.9476193195892,28.458124070351,10.1982796275126,-32.4010562111769,-7.96713436081011,44.8939134421185,-11.987681269374,78.8603959352486,68.5881273368242,-4306.43626666196,Faig
-1.49213974509621e-13,229.89538521904,12.6911003474689,-129.68518526907,-4.69532943297201,50.6936400580038,13.5094011199143,-33.984959792569,2.75117253554557,31.1676102227227,0.474853587144698,-14.036538699364,2.97983650637869,7.97412472381408,-3.62612949294401,5.04665246399064,2.25004018879266,5.78920931966993,2.40515020659451,15.2008971457017,-0.28265716580969,-2.88585136038122,0.60175207419471,-10.2038874122334,0.0739246798198456,-1.52287048205076,3.73382731681787,-11.5043720824437,0.994518223236931,5.8193589616989,-5.35176544663463,-6.61257546919643,4.25468685014073,2.46928670890182,-5.51257522651216,-20.5245872519815,-1.74532611297444,36.4288753947063,-1.13468339388342,66.7828344198182,-29.5527237801627,-392.539481413148,-1.4210854715202e-13,484.951285799054,-2.46144771604103,-149.197126150626,19.0676655042652,20.2962321327772,-25.8748382927424,-14.1908559177754,3.42276865487851,-8.47634728253514,-4.38945755328428,20.6245081532481,0.874541123174276,-9.50269164488116,-0.72079234967346,16.0866130688858,-2.07494446064515,-7.90602325874696,-1.83009004265391,0.971188576880865,-4.3947366370177,4.06094430271045,2.3894059365207,-3.83224324881628,4.242535427216,4.48468162670018,-3.94012236911662,5.1126186637827,1.40966946584791,7.4829792549785,3.54736757447156,13.4226759325458,7.01997818983002,-1.40158343111377,1.73020168140407,11.9245702664987,-4.91224929256038,-26.5260991252827,-3.17420618599528,118.878895683488,68.3342252218624,-3267.32564839436,Faig
-6.02721088435391,-47.2277434980531,-66.5337554362887,175.408245520868,-44.1227450811936,-87.5917871638919,25.3009518403404,37.2869694984908,-23.2028738592096,7.24769946762388,5.13588653139049,-13.7520317745462,13.5337659342803,9.5827238868246,-7.50366381406207,-2.51766880223014,14.1997399612946,5.32999790649453,-2.06098883467459,6.59731079343363,-5.07259830662236,2.92620436277133,4.54184602802713,-6.25074568046635,4.07806015369395,7.97376182716064,0.832888241902386,-8.25959463401642,-7.39028086579322,4.74518794340902,-2.3202946235664,5.99811907156733,4.44765940289152,-1.96594962844103,13.1676380885176,15.6560641898271,16.2071551837237,-45.1632811889434,-7.3726473902231,154.15461155087,102.065272504398,-1216.64405859648,-19.8775510204081,639.491140243595,-130.942474927774,-125.717121107459,14.4963921810411,-17.5511786627357,7.37177802635947,23.6207103384064,-28.0868554124272,-32.1193423055503,20.4982843985635,-0.828540738722805,-20.729475565543,-4.17609891620865,8.10793452388257,-5.47078179680735,5.70159556372956,-1.15360389249465,-10.8000831466582,0.246696061887091,2.58792624827845,-3.57275330569532,-6.4359530481065,7.40429991575074,4.64514675087399,-2.08412407271731,0.346356492234883,-4.24869870551788,7.73467807064244,11.3736051203762,7.08901898040919,-7.86759285645806,7.51384158580784,12.0677540239901,6.57243908508747,-5.58342506525129,1.59420877426254,-12.6501591818769,21.0046968925666,183.913207868681,-17.2265981348907,-3430.19199588933,Faig
-0.709497206703446,-333.384307808061,-11.8532277534058,97.189582364779,24.257376784073,-23.2407102273519,7.48148730513875,9.14217874956595,24.2580353844858,3.58450300608515,-1.16272211983372,18.4275150496679,6.62518920525083,-0.661108571395228,1.66128036912246,7.96410161513775,1.60910405816522,0.162790018894538,-2.41929909685072,12.0183724301158,8.68850411266656,-10.7349393590045,-2.80911887109478,-0.600552387929109,9.8914350518503,-5.68484957173146,-0.68328526897014,8.69615242270662,-0.708569025526663,-11.0512792282783,1.0019815743551,0.602819733808632,8.57419624764345,-14.7695425512703,-30.6624829835093,16.7807806028303,-1.23063568948581,-16.6304982360974,4.24051030934312,4.41057327984137,-40.1293282851494,-0.453135337442197,-27.1173184357547,749.287291728594,-0.422444435148986,-371.088536114207,-76.2188636627496,102.99185611918,35.821705989067,-69.5045120649322,-29.7602131673119,40.8687689749843,-0.0513518835373288,-19.4436512145713,-11.4110444365203,22.9598270859081,19.6285559738865,-21.2583302491977,-3.17518042856105,1.64697759167811,8.95048025067236,-15.7709130525007,-15.8027475755783,-4.43453103652522,-1.20499321094537,7.8305514613369,3.52165570432722,-15.8513036275051,13.5859029423871,9.59807621135332,14.3321886880862,-0.671904604137095,12.4742033293053,40.0459000956812,-9.42430001674838,-23.946565329948,9.44397669628803,56.128387490163,27.7936311857992,-64.7092883710234,-34.0151233092856,261.722359863251,87.8270491727081,-5522.78105751,Faig
-2.4683544303798,-3.98464361241866,20.1278830934817,30.5712925665234,-12.5972542928927,-22.2741423690882,9.35354366038464,16.991167834822,-2.21113002696525,-5.33365189785347,-1,8.16463703212311,5.36269499837989,0.14129796704996,0.639840218025674,0.496605762665524,4.8867005315502,1.94765565089928,2.80828337994725,-0.826008771285629,5,2.61788859401307,1,3.00204448554064,-2.60996463805824,1.36252770234157,-1.26866654280031,0.760171191156448,-0.706231025804245,2.30703477470314,3.25824353855556,0.691828477611807,1,-1.81744585721123,1.59309603821536,2.8968780806028,7.1203215398516,-6.02733949212585,0.0782598027980443,59.0421702129292,-0.839368854865615,-335.297123166462,-10.7974683544303,161.165166815326,-13.5362932802756,-41.7707649826186,-13.3760225508102,6.02733949212584,-1.357841349878,-2.03137559449363,-13.0690340961508,-4.66085657067866,3.82842712474619,1.40132254210825,-1.96444047761969,-2.13321835133084,-0.660241047657646,0,-1.20581924104237,-1.71978482997957,0.458290931039296,-2.42656442103493,3,-3.05851499027671,3,-2.03632099593916,-0.709040245062042,-1.3618359023248,-0.0302487364574218,-0.496605762665498,1.34582266800407,4.11022343243638,2.90028306047577,-0.489997266492885,-1,0.851896855309097,2.59689814115123,7.69036229644589,0.384006936160437,2.95319324550292e-14,-6.8867005315502,62.517050835002,35.1884104853561,-1013.8322347249,Faig
-2.00719424460394,-136.358833342117,5.37435894650937,158.526549422376,-20.4549955077107,-71.6241530379782,-12.1425154344911,50.0303792526219,4.22042957809674,-13.4733561749923,-4.20118784450546,4.57735940628653,3.15947848898393,3.19982326054551,1.95636730221804,-1.8299357152811,8.76636468431387,15.6561565080075,4.08650037495102,-8.12967393110736,3.4395597450203,4.65258524769145,-1.63762200921546,-0.0177341121794918,-0.267680442037055,-0.929211786242556,-3.59682333942842,-1.64270760040975,-2.57440129096794,-1.70772428444753,6.81297217393259,15.7363754902634,1.2621867691579,-18.7003445530765,4.88071814160887,15.4510001074009,14.0264948098836,-23.5040696396131,22.6557013700776,20.377729750227,3.44831486212528,-393.560772549373,-18.8129496402877,568.327178475145,-29.056497040562,-136.367149379002,5.43888505145971,-3.96233754263712,-7.0306386170145,-1.37607895970443,-14.5728694277818,-25.2733557338651,2.95531358193277,8.02316801825525,-8.11184294611696,-25.2021489984827,2.52874005347041,5.2974606025231,-4.82872850217996,-6.55065928050936,1.27740372538694,-0.966717536194174,-3.29345115128977,7.4068475528904,-0.261506980797597,-3.06732557676431,-1.04357143496808,5.69423052479008,9.42750571775934,-3.4604976647476,-5.52874005347041,-0.755657446299848,11.0833341162513,-9.61800475712084,1.00545775756912,10.4047007274592,-0.212195097300935,-4.00473452030009,11.2715815158697,-30.7568392402062,11.5831276596168,204.461466837978,56.8525301232351,-3176.19491346619,Faig
-3.60439560439573,-54.4188184835116,13.7242444409723,51.6653369043219,-8.03118280758687,-24.974475928179,7.55816224898147,12.6768513582667,3.73154110461833,0.0500294330339528,-5.20559027427873,-0.538210612612216,9.2279126015581,6.04702856932942,0.201943157309349,-5.12555904988003,1.13524086710823,3.10641467683075,0.971263073263897,0.616923813589271,3.03995566509087,-0.833843802102343,-0.0791970910482345,-1.75311686370775,0.0137153573996007,4.38329127144477,3.39255040766542,0.631606682239503,-1.47239239883973,7.38674101341027,5.09134318532387,-2.59869617134205,-3.47972897264578,0.65512258029148,0.732825735379169,3.89837234324649,10.4561074401207,-3.76407762994926,-2.98879286160445,61.7629267282094,-8.8065801361174,-441.036080572316,-12.6593406593407,185.593239634464,-27.2443233612031,-29.6901610117085,-12.8699849604189,-1.47197049112543,-0.90616216970464,0.643854370311571,-15.2810536890848,-13.8139877993977,-1.17794199678541,9.24602287169861,-0.923496961869508,-4.68448045086806,-5.60560163046329,-2.95041879314753,2.36006606897993,1.19983099646424,-2.49816528320066,2.84058971513537,1.39399287401134,2.97385743655956,0.0114068758233277,4.79828369716043,-0.0441842798207834,1.79117545332165,1.33439560799179,-1.47775737945897,1.86167573103137,3.44754973897444,-1.06369410939726,0.339636173886053,-3.21068934245604,5.42874979454739,4.01825645513314,-0.762025370401846,4.20227831067363,6.61069111921112,-17.0192369257179,75.1604435432442,41.3715772856279,-1332.90906242642,Faig
1.4210854715202e-13,248.307842590485,-47.2073177670134,-94.6574097689936,43.0953029880069,78.3853427409807,-16.6047470113692,-42.0505826828563,26.3019529538507,25.4563922595568,-7.87391939139612,-18.9745326287173,13.0907323507749,11.092641839889,-1.2514804785399,1.97246431638928,1.11007620410438,-4.61429878890791,4.58380829093259,0.757549188355377,0.558666747393615,-1.20355727111187,-6.85456369063339,7.15105464504681,2.50746431459979,-5.38276155034542,-1.46391124134077,4.3120484040691,-3.60262148770979,0.969765588334026,0.80463948091786,-10.1831869820182,-9.87670809878047,19.7681687699079,0.68342993984234,-16.1360960614803,-20.7626548343779,25.8074828429267,13.7383089948945,-146.42390115706,-24.0070140031318,661.028854649027,-1.56319401867222e-13,398.429670899906,-11.2974367073053,-161.370607670795,4.82323570251645,11.5468498094876,-18.0047921587639,-3.92705098312484,-1.77260444060203,-3.3914780971957,-13.4649887392227,6.75544255648441,-18.2514349999264,-16.9942066665638,12.4216837883077,7.70077983108402,-14.9316032339176,-9.49441534865177,0.0562505482332067,-1.23006374172581,-2.19174847491219,-0.572949016875159,-1.32398099667707,0.527369889407802,-3.50624203387557,3.04044289078992,0.387321506249577,-10.2627186971166,1.28652014419165,11.0155807106606,-5.57405757798196,-7.66063974138771,-9.77959795838882,9.67249644263488,-1.75855111392366,2.05274558664072,-3.08745051765667,-8.80866767406063,6.84188504597851,106.70518784373,30.8237051935781,-3300.1788144713,Faig
-2.47899159663845,36.6956634971092,75.8535223223115,62.0926025495875,-21.2340986837838,-23.2910441690254,17.9418308096479,8.19962991326602,-2.61543072728936,-9.31515627780341,0.366025403784438,17.7285383285313,3.72982477421268,-1.33564495890807,1.28106623864549,14.0710678118655,2.87377463050582,-1.11679243542494,0.164016515374949,7.35526739493492,3.73205080756888,0.527092314497134,0.267949192431125,6.43120426592032,2.2014060098698,-8.33765319497635,-0.601558811185519,2.4142135623731,3.17601617658668,-10.5971284418105,0.652141237037426,5.18298953441274,5.09807621135332,-4.22875891677263,-4.91519366439575,5.08284162754612,7.62807929497288,9.13481212398525,1.48252022802269,38.77217447623,-53.9495437592033,-533.982685970953,-19.4201680672267,243.796643355201,-44.9271652354356,-134.741114208443,-0.198975738505064,26.9852389720334,1.60262148770979,-24.7858890143762,-21.5449934606261,8.21535111715203,-0.36602540378444,-3.12951247022463,-12.4792203041428,-3.76880960956574,0.457397977366492,3.82842712474619,-8.38338291440736,-4.71265687655604,-2.09605699529515,-2.51139656561664,-2.73205080756888,-0.579725601272408,0.732050807568877,-4.8867691137439,-4.82916401571515,0.154576875126846,1.04979215778909,5.82842712474619,-1.81157234209112,1.43635800276544,1.00708434914319,7.81499989076287,-7.8301270189222,-2.47959445860002,2.25332354705324,16.0297806158053,8.0248815416403,-9.69030621875118,5.68122487555834,94.0576271494186,32.0411281562532,-2434.86466914723,Faig
2.8421709430404e-14,-250.918699413245,31.1091782095889,130.517398269928,5.45980442833826,-67.8728044968323,-19.9706669385557,13.2021951212896,13.5661192881831,2.24462869265788,-5.12794432483172,-11.6961524227067,7.79917445661101,6.48020766643721,1.49239848423798,-3.2587537101901,-0.264197876848145,-1.10782002042327,3.7673422690226,4.00458771858725,3.27855636445776,-9.10100599461822,-0.414999393610742,2.68801018543242,-2.66472340861588,-1.15328221077694,0.56226359975781,2.08803711623757,-3.10214387166254,7.50706168053459,-1.96120256215309,-6.23205080756885,-1.07417570877204,5.93644388487862,3.80426981255992,13.296712499611,-0.716408100798382,-30.9033617556458,-4.95472795695058,184.838354890897,14.9719086565504,-1075.12513855,1.77635683940025e-13,285.557400939954,13.5917823061148,-78.5413142853475,-20.5401209019912,-24.0682598089548,11.1483779176374,20.5501150672426,-0.0248199204170629,-21.6935394313115,-6.84015885084309,-5.59807621135333,-2.00000000000003,7.75637980686049,0.745041882254605,-6.42740916455957,-1.5832286806529,5.43778926530071,3.31799546630045,-5.67645446652892,1.40594207380005,-3.50344661076786,1.86751262091401,1.30575578583262,5.92089040526184,-0.000709041164139057,-2.34938481363231,7.38886793424841,8.37084186529826,2.65270447268797,-2.00000000000013,-9.33012701892221,1.44846615033148,10.5553795034279,3.83644164728131,-13.479570260601,0.52756587127856,14.5391055049048,29.7224945214181,74.8129479229244,10.3288011752723,-2884.76516020182,Faig
-8.5265128291212e-14,-97.7377765782581,-240.448597530113,144.591642485119,18.1262206386362,-55.7802040715705,-16.4179349497165,52.3481684485898,30.3292764165921,38.6483860612499,13.6261968540021,53.0418829305461,-3.70144975752439,-49.2375024689765,-7.20772761829643,-2.52008229936765,-15.2091247459416,-13.865317684299,13.3701309624464,5.71824237983953,-3.74381999164428,-3.98442291008039,-14.8086734154199,-6.36581756431264,2.71551793869849,-9.14744502810932,8.26054133806161,29.5070200038764,-7.49637441924362,-4.40060247497445,14.0764396089519,-57.1130409893657,-38.7620035994931,-73.2556343069141,-43.0018412291638,22.6762153521963,15.4882606041707,-68.0435476370889,24.588085753029,71.3085688813773,109.398072463126,-220.302744618998,1.4210854715202e-13,726.814002176585,-129.030565899937,-164.549645100457,63.911718918978,7.93440417633752,-2.61206541725191,-83.9101380236782,10.914732402497,-40.5971325155563,-19.4370010250217,12.3051992591385,-18.2041985312462,-20.1860046725146,-12.5180821192488,10.778767071638,-16.389348522842,2.06218864526706,-19.8534615160898,-9.54218947901141,-7.66117433890648,1.72999752833096,3.84504545742092,7.57944937828504,-17.2034925395487,11.359171957636,-6.22963007592405,-20.6796477510569,-28.3953081048056,5.03983583899617,13.273221538154,-5.12359581994655,35.9948155134592,-57.2276706504842,25.4987217217376,-30.3398880026232,19.3485777485167,-67.2566052372735,-5.7557456567081,160.940443484739,47.1961781399001,-2641.99812998453,Roure
1.12798659301916e-13,-544.313711992709,-597.199681093512,104.967618247581,167.234169468795,-145.573575471362,-29.4066478577628,-4.53470656678179,181.986637543488,-85.2746159330592,106.180067355902,29.7890616319071,-38.2396673554363,-41.0066913311741,-19.6662319030241,-36.0689009469084,9.61799287193288,-49.6830796029583,39.0873694198033,-6.33650605224858,8.10668901733595,-27.8114482266372,-9.24840814352734,22.1782409848812,-26.7929827471872,-32.1069489999654,33.7040311470912,-13.0913606279066,4.44590135657858,-3.24058337998033,-55.5385580859678,-27.2455032198073,-224.869474104415,66.0100515662595,-102.955001932346,-7.30527205576703,-83.171839170656,-138.468677324929,102.635846567221,329.434995266967,-66.8638579364136,-2509.06709272303,3.24185123190546e-13,1613.12323972679,-56.1468053001733,-387.017877716854,-21.4955145309001,-10.5830645529017,-196.33449613528,107.661868128455,-120.873513883429,-82.3718566611342,-78.7757855973804,-11.2725119389855,-17.041807730511,-7.17839260590595,-0.393543303713301,0.290696589787433,-55.546934781691,4.1821767345646,41.1973986629271,4.18491707661829,-65.4761839502812,27.364460503276,-9.15349532919034,6.63896092755369,-17.2509254001397,26.7835897799141,-38.0979511110273,-38.128981762171,-86.5313213665863,31.1711299198861,-9.54095544230486,14.121844912048,9.16554813713618,154.918610997819,-186.470139538562,-16.381278071876,61.7893213708224,-18.4081371138159,-89.3584066757484,118.947895057292,-127.348505953825,-5289.20593973895,Roure
-3.12638803734444e-13,-323.200479931412,-231.291748791371,207.939121063504,0.539081022100431,-165.957254330646,-2.38163842361771,33.4545197331905,78.7061536760246,39.1959575777526,46.8762757839662,15.2162056253851,-6.84821000569135,-37.0409113710934,-17.0689054732828,-41.8910173838481,-21.2707576338538,2.04136464312074,17.3335760071993,-19.3374224092725,24.818133128582,9.02132085627617,-21.1697179894365,17.4109803654279,-11.7347336640245,-2.69424066966937,9.26393896501045,39.9252565594457,-16.8290662573396,-13.8804127511685,-3.46469288591263,-55.0545169293277,-82.0992227217276,-68.8228621267302,-156.274588618734,35.1511678562117,50.8708960122053,-65.1870196594364,-34.1889841869222,238.509932198373,71.4477749690913,-1229.334491676,2.27373675443232e-13,1039.25082229958,-306.063707660274,-107.440051806595,164.919899338018,-19.3594665147396,-86.8906273835309,-51.0714933552963,-47.3665795840653,-75.757209975394,2.64423120833217,17.8024757288905,-77.0509048650522,28.8998055927662,-13.8995330772505,-5.64619384315542,4.9706918575307,3.55629046147066,-8.61259754360861,-27.7108577666459,0.64977016704125,-11.2816160853281,-10.7523718116909,22.2392782470039,9.20080033379464,-17.7824193354709,-9.52040220867139,-14.4976413443667,-110.699935591042,53.7105768466721,-29.1941400830566,8.01814010439505,29.9169465801894,43.6548406356266,-8.65836026576321,-105.236539640507,-56.009399645478,-58.3704018070447,-45.6121379264806,224.854221872124,86.4004713426716,-3725.69673537409,Roure
-21.9163636363625,-1270.2515569083,-882.253520013984,306.198107210251,-257.055818072734,25.9542538287139,-1.41329223359663,191.265082130899,-74.4256669303967,123.697563710895,121.957282695819,-179.414431207086,64.0841906787813,27.4561306248259,4.0714609983597,79.9615348427446,-82.9304637766789,-115.392222546526,-33.4882533483255,49.9689499932334,-34.9753922576302,-15.9613845681118,39.9321795960135,-0.144541293530795,-28.4361548489159,58.5231611552082,69.9696628608591,42.9418288444711,-131.167879941389,-80.1755086137099,-194.829354623657,-16.5832561803379,89.6572748950234,-240.092439766036,-10.1643500228073,-221.083749163074,174.027608173268,-240.810662021484,-39.7508458404729,911.977265956051,141.892817533095,-4628.98544704806,-23.1781818181823,2573.56655362179,-381.476517046886,-402.114975535693,234.28720499261,-92.5144818806145,-248.84976989221,-33.787080778807,-68.0807208683992,10.5716404839316,-176.084462121597,-64.5409043815502,-93.7889353708105,-80.5799485491379,11.7956846136224,20.1069225958993,20.1913209756494,13.0627021991612,-36.2897520420843,26.2061131630136,-55.4048877849393,28.0412083306526,7.87535509538417,-52.2902005522028,-57.3228600925127,-21.4590574339128,10.5395583625575,73.3294218068632,-20.2455514141903,-145.0959070853,-56.3838657563944,83.9392154998858,-209.502758595132,47.9816413710823,147.670323059429,-166.537824852229,120.473610585724,-39.6213025003527,78.0975921561261,-494.804205462083,-106.844943144433,-6674.76793687877,Roure
-5.96855898038484e-13,-726.267484064791,-309.845944865361,278.661795172908,2.59082545935064,-108.074488023186,43.3123831825209,11.240267282192,98.4253340830745,8.03590362269338,123.236885008168,-49.71112318854,-42.6112014090513,-19.3641223709023,0.467511988608214,-27.3975410830351,-18.6494041763373,-18.2153861179684,19.234672419972,3.07608282500907,15.9258153896798,6.73892257169264,-18.5272105263262,10.8222098968584,12.7903899197763,-7.38340792629871,7.00760798708961,6.31425355474435,47.1764631422318,12.848227207957,-80.3817814829008,19.5280045436582,-125.389570298981,-50.1981212259377,-137.85591199455,-34.3668592042605,-45.4702881402709,-131.726601289122,51.9782458904358,295.924579237945,-1.6314885406833,-1096.04539144201,6.3948846218409e-14,920.787620961277,-430.765448219162,-130.226519250876,82.5941694506335,-71.4730978029313,-100.699609630421,12.3651427381589,-77.1819604807094,-5.47702242906761,25.135776619619,-52.4552912913245,-26.0442056429097,26.2668426413202,-67.0251991643397,-15.7139934122937,-11.4781295085412,25.9467480490995,-7.39284918576726,-22.3102195526076,32.6602209830269,8.30615359156986,18.335486159915,28.7448636250325,-17.2219837670321,0.419051461691791,-20.6651615716724,12.1734761229574,-99.7204143670575,-32.915194789201,29.2380911391655,32.3913198700781,-33.1408076636584,115.299932162945,-102.402686159814,-73.2674302524936,-17.0180198603661,52.4038869295891,-74.9870931671664,133.419163025214,-68.0177767074352,-4097.08735395111,Roure
-12.3664921465975,-356.762550724142,-385.595467253829,216.512932262232,11.8497352825487,5.31722305228531,-99.5740268976214,152.385214690121,-90.15893511303,29.021406396719,72.7373959815943,-17.9192408859809,1.80848564587958,-17.1612255378231,43.7634222857516,-20.7185734103814,-5.23205080756889,34.9191559895014,-33.8470089224856,-23.3099129371606,-0.709963183928253,29.5439063805459,6.2653024247359,12.0047699752935,19.190300404497,-11.7808358694171,-54.9448637286709,-15.3715992592062,-35.4643490191339,28.3517728463126,-78.7599763858388,27.4382712571867,-32.5487229752244,-69.3743204065354,112.360411013578,-123.890102817534,32.0800717946227,-228.181380120944,145.720189431549,261.567250666587,-146.228685550569,-1837.4721300465,-16.5602094240837,1240.83408078503,-143.331206053788,-196.864232343046,50.0078859644441,-42.2320577327942,-27.5400951387525,-1.46496412489043,7.47469149468824,-42.1917573369387,-38.138826290542,-34.1651498201188,38.9047549588712,-63.3059071199877,-36.8805719654597,-27.3781895600989,-23.9903810567666,14.219040390913,-0.0179104489052819,32.3878758964885,-12.7331418069887,1.26960886459098,-3.41662438771186,0.306597332266298,3.36572411512088,-15.6025130134086,-5.86602540378447,0.333158659462546,-41.3362802897362,-41.4692455680074,18.6158165632645,67.5328289965088,-27.8161659622829,69.2026668305404,-20.4235590330192,-41.1980251304015,58.1812472611122,69.5434958128502,-81.4716567007303,293.451877251268,-433.709629032956,-3629.02162626415,Roure
-8.72881355932227,-533.66390400966,-319.558584412688,272.626590616329,38.544688431636,-64.053512807142,-26.8272885488266,-32.4365863501839,5.47442433350374,66.6141504484725,8.38645630023107,74.024645373363,21.7317402578223,27.0594012671325,-20.7864472979499,27.000238270182,-20.5484274976616,-12.4199561526119,-36.8128010844876,6.04999150495454,20.8741076255382,-6.58697342133333,12.7077280413009,2.20136065781822,17.2827066584081,-7.99247788217978,39.6923893741997,1.03794862548798,-4.97026192879449,-61.988802487975,13.3714756461857,-121.726243304515,-29.4544475712498,25.3677836328293,-64.2321675209573,26.7895984601018,49.4149285319423,-84.4051767362733,19.4913867084791,292.589764033192,148.482685636854,-1347.70100962732,-17.6779661016952,935.236049095275,-273.675121589111,-41.9272770373335,74.1400483731201,8.32761085459483,-54.2092010342312,-56.3964133597712,-16.3722079686971,-89.0937600759845,18.0298830121673,-2.48741135282322,-89.9808767038945,17.8379781624461,-2.20985701047777,-7.21906076160245,-20.5794258743352,17.6221488537213,7.80662105682218,0.206852306132816,-8.22785001829129,8.91165024293566,-11.7249311059291,-14.7256358228959,0.810184674986782,30.408774138862,-17.680828770447,-2.35680005356517,-38.4481861914924,74.044708750667,-3.50698139444225,-2.84337752260078,14.3246895121355,-34.0709156153097,-32.7372347808209,-97.8813283013151,31.6927369993211,111.213955432634,-67.3901021388425,-12.6484987954318,-79.0391286265614,-3343.5357716566,Roure
2.8421709430404e-14,-394.876683301972,-76.5328715385136,143.429705347155,-43.9388394111138,-59.5172551959893,19.0411225209494,33.0907497923645,54.8708734284798,38.8771813852532,-15.3933364558967,-23.9068147746286,-47.7848459139422,6.58697051078973,-21.1700443493544,-13.4123006692766,8.50213203942136,7.84980415446402,21.8873121509237,-26.6229926909827,-2.8999777828819,-15.8732698748901,-9.90868927795652,0.00838004644647156,4.22329397441768,-4.98143102754648,-9.68685175884828,19.533559834417,35.0999959525801,-40.076187299609,18.5806880257056,-12.1527598572874,-15.4914958080473,-50.758996241028,-40.8835968665276,-64.1276574722598,-16.1122530424218,18.9585521833195,-66.4442694632172,238.063315582676,99.1180755222456,-1452.08988336401,-2.06057393370429e-13,548.253513730851,-213.72482827545,-4.75429835213957,48.7211524926966,-69.4849425163234,-10.1657552631353,-47.5405399435324,-38.3762072810465,-18.4975234873256,29.301202285526,-54.6162036313393,12.8357768543112,-4.28103169060424,-12.6119484653722,-9.50684424731345,-11.2844797031218,-7.26419592598544,-4.09080006272151,9.07029203809533,-8.42676063500882,-4.18320652090117,-12.8920365337012,-2.28972979854864,8.27172197002554,2.06713356171867,11.8077842656098,-3.76389671178507,-24.2550815355027,-40.7973391658278,-13.5403914293094,-20.8352971542134,47.6958690620922,30.4895477174341,62.8513659545679,-85.6625723900969,-42.2717751532777,14.6327021816957,-28.9292717467914,-26.2531583880192,-42.182019819676,-2075.54930670877,Roure
-7.58064516128982,-168.44419520234,-519.627792836995,324.587281289351,-8.7533763004721,-96.4939610652133,78.0393814950245,28.6721944905617,3.66190114252038,44.1912803274555,-34.7857873129267,70.2546120400446,-7.24858503087441,27.7492522285729,-6.49526989022773,-17.5745950992566,-22.3254776972939,54.4159865267253,-2.90028089231118,-31.1197489563223,-16.8498055409589,19.1954615958715,10.3920968808611,-27.2945215119732,3.82922393637346,-27.2716162690809,43.5453935272596,43.3554738925808,-6.90910959067951,-147.538054786994,-29.3667331314859,-125.002229437278,-8.70296725259163,-38.656205982307,-56.0226317821113,80.2546547911832,28.2516838812871,-190.90159382334,-45.8678704853795,270.141378815818,201.233878171589,-1432.50292527847,-21.7880184331795,1420.91588752927,-468.061921803077,-133.134482019777,114.753526683967,17.1304176310284,-28.9635893092005,-47.7560081457751,22.9367309153215,-161.346717657104,-43.6596367083489,-74.8695892564471,-97.3317613485163,-22.3081853845809,65.4722818155955,-2.20154246375353,-16.6279669217661,-1.58983491378154,-34.1489286354087,-15.8255424302999,12.2722302243035,-34.2301826405,-8.64161077293978,17.406346779965,9.42098157878025,7.90733106762629,29.1594372720282,-16.8091117466697,1.55141826220553,7.18102632627136,-23.6104054424464,-157.180338053047,35.5408067603693,-59.2596768097954,74.6246193400189,35.4896295460852,34.3444547688918,-5.69614336924181,-122.04857473142,269.782247475613,50.0860036656241,-5303.65937122899,Roure
-11.2775510204077,-702.503761523753,-610.875483011463,265.664605747588,66.5274177629372,-198.413715208472,105.78941622524,132.887737472079,93.8527082404914,68.4212714077043,-31.3156074093954,48.3269838638798,-179.934427623566,-53.4434915133978,33.7357108325034,-17.174330010792,-6.45029167086218,-4.91502460737608,-16.227819923364,5.81724103974843,44.1145848045886,-9.38775393781592,47.2674489259464,17.885299082685,15.3351527698104,-28.5429052506371,-40.5710464124633,35.5483985650945,16.7955189979098,36.0086133647881,185.73194214223,-89.7444519006799,-107.167582638505,-209.417438814957,-186.278144187753,24.5598887852475,-91.8526001427423,-215.44172131401,35.6679712103015,299.701057376421,253.161298165573,-1984.17955574219,-25.4734693877552,2280.84907985067,-633.323613957702,-317.339726662523,106.90794209677,-60.707821270672,-177.060526148263,-110.069157195199,-40.6977765817508,-185.476820522908,88.0108325639918,-6.00179302339746,46.2729680992186,-63.3204391708148,21.3576441725391,-44.6520498567511,-29.2912098496033,-0.65964110165108,6.41036813836512,34.2677205938145,-18.4159752735749,40.4101746604821,-11.0513446773151,13.4467816639121,-35.2392258038029,5.64264241661596,56.7750055922892,-67.2547101013646,-26.8166120001223,-52.3202258017318,80.5718778372017,-197.139701525972,114.072031818533,-72.5624936211214,-13.352288748986,-83.4082951151403,18.3142323240487,-123.726854712837,-164.742108269016,529.70921056359,-294.894525111302,-6788.78643471775,Roure
1.06581410364015e-13,-574.599236234792,-818.762521831806,549.279853151104,-132.069263063199,-139.458650129949,-16.9041416830107,233.206622079751,-43.4775526287879,308.055635162065,63.4768652806307,83.5111024113047,-88.3329850326521,-83.4774321220365,27.3014459701955,-37.1252120445903,37.182918710541,-98.2537287714463,-8.11447594620086,-27.0629609272357,-29.485777672249,-56.6953218383278,8.24239781965222,10.4394448492617,-29.0408612509609,-29.2109855956912,-63.9513537227352,149.128078859886,6.90850259777716,101.125167244447,-33.2686351780207,-345.179498949993,-46.7112941292589,-502.560899061753,-46.3523114695679,23.2903638016642,155.814106030552,-240.349521517817,180.715378821117,36.410113632522,564.295320641939,-424.512588698988,-4.54747350886464e-13,2428.20189396987,-598.78700304498,-396.443669134061,266.490257814655,8.43669155256029,-83.1649182377954,-150.308666686155,-32.345969758621,-182.723034156007,-198.807609393067,46.1347255128589,5.86063858883035,-57.3435646366554,125.448552136051,-75.9322647673956,-62.5402104970351,-14.9489723021737,29.8364049777717,-34.0580306148239,-72.3972516432672,-32.788852726109,-1.42508444787557,14.9071491565259,-82.7125481549492,-3.40062792395615,-47.6514933950814,-39.8793925520466,-8.29561128401587,0.633239538958603,-122.623742869237,-22.4192098210543,-19.7327107154247,-205.933441540622,-12.0352556750681,-18.8080639292128,81.234787897525,-340.103520328667,-189.982023116303,716.022638186124,16.668647675259,-8637.11161447044,Roure
-12.5862068965514,-822.740629020792,-59.650056616196,281.598370160859,-144.052502951119,-3.52544889674853,-25.9745098545924,85.3469656261545,101.081500360055,6.88868866651674,-27.6548396364817,-78.7761389524222,-54.2210764543281,-28.7975552141178,-15.7890693540052,29.6909510497661,-53.8198332325139,40.5525588832576,27.7475268280548,-6.36876912863258,-14.0944716330365,-11.3095700835384,24.9633680607646,27.4164812798728,2.3241379252969,-65.1410161513776,-1.93899320564185,16.4835358063041,3.33422683929845,5.50369822274289,72.5609758951797,39.6579819834618,-116.542561777012,-101.042551190653,-51.9941878277174,-198.556953332418,-5.47532161521699,-140.349015234981,-128.771922999289,307.31576177637,115.047649327304,-1711.37318350923,-21.9261083743838,1017.75937605401,-524.992611605091,24.4541614299795,19.5073380924122,-195.459093109673,-119.37024544603,-11.3120746710428,-213.307356211328,28.8660341608588,-21.1346397444286,3.65671721229684,-7.27149861922649,25.9987874555156,25.3689088452686,-35.1763127498005,-39.8078439922815,0.133974596215615,34.7112871656793,8.15070810521553,-5.94190378148308,-16.7217960211299,6.57778848038659,-0.791272038439018,-0.635222666057784,-22.9903810567666,48.6946170969395,6.77090579276136,-24.9952968736114,-32.5793499528147,-68.5958895481551,37.1277210844833,-58.3651193262274,123.714918320636,-66.470546802946,-152.61562082424,-44.7692697554497,83.8682175912243,-20.9141107785231,88.6902192239036,81.2239866139383,-4347.57480472809,Roure
-2.71179039301381,-244.283419753037,-619.837202389493,171.302092132512,254.095164062582,-42.4756454706553,51.0094566194084,-29.0057979807461,138.875434242993,23.9075976280504,18.0985714766763,22.2224985069768,-157.055066751405,-42.5568052717943,-25.3472840136892,14.0134067538709,4.11588762533037,34.793354700622,-17.6628898976784,-7.2421065398428,19.0456722002845,19.4242938793508,-22.8605289630006,-8.64996062110919,-4.39920131243624,-29.0886242361405,-32.8674381491654,19.3255981407558,119.19621124731,1.97430586687099,-29.6692417024217,-17.0564799428111,-255.808020128871,18.3565262055352,-189.721597896491,70.2826167333089,-192.38476917962,-42.2748024191953,-47.1743435911329,-64.1965728882191,-92.5981383392923,418.955264134652,-25.794759825327,1409.54610851353,-283.915357917219,-591.744170666251,16.3167800224232,-48.9703766416258,-68.4223115408517,-168.682312078507,18.0127976969536,-85.9128523684774,5.83445252819642,-112.930188918866,-19.3382906037335,57.0295048889966,-43.1900608149618,-37.5980889835854,19.492062703512,-0.338334763418923,4.05789165821116,10.7050784767786,-4.2085651525538,-3.04062559969393,8.61378446881448,-10.5405195973724,41.0521290787581,-53.7226560282411,-10.1043317289907,44.7929584772999,-29.6406998351912,-102.167324601608,-12.5216855401035,-55.8341982520958,43.0345937594516,-74.9567411147629,-17.0512814619403,30.2290619480349,11.8640011530924,-300.035192642551,-24.0568710831995,412.810179329533,-34.3381907344331,-5775.47803631667,Roure
2.27373675443232e-13,134.611082612936,-79.0858045908319,-38.8930442755059,34.9854764602814,-2.64499953248324,50.6569252068001,-41.7681440234781,37.1781680443214,11.8315453753376,10.7605893970797,57.712812921102,-5.80139301789001,-18.5051088738766,-7.16722512117528,-18.2366417999066,-15.8550215671205,4.9731919388089,-3.54094920997929,-1.2067290625295,-1.80261248419627,-0.255089219443877,4.07835917616208,-5.13004955798363,7.90513874329664,-6.06061229283246,-1.87315276811167,31.7883608950075,2.11668041864265,-5.23386575169813,-13.9666960742351,-43.7846096908265,-37.3974195223234,21.8587733487081,-81.3446858350649,29.1728781930016,-65.2636157913761,28.3379288500423,9.43738862580225,1.93762139727041,9.87868712192955,-57.9753408549676,1.4210854715202e-14,525.369228391698,59.5266695998702,-145.056444230188,-42.3164071986024,-22.455713651223,19.7487405284126,-62.0985979613329,-0.598665755113905,-10.9650001089926,-1.66421763901808,-14.6602540378444,-2.83375904162855,-13.6359797789283,11.8270335048385,-15.9384519956693,-3.68659992910689,-1.68310575060833,-10.6140084955899,2.31244473105788,-1.49387819729408,-2.00965607279167,6.88812391837527,-1.39497031979553,-2.80991347886529,-4.73859424456964,6.36047504765158,-14.8090104138548,-20.5957523251089,-16.7700764837434,25.9264829365455,3.5527136788005e-15,-6.28318021739146,-26.2178874020507,6.09347348250481,15.5038076813261,-17.1650579411876,-112.772002183875,40.179641477012,182.268944223524,-60.4757437317096,-2243.58483622838,Roure
2.8421709430404e-14,-128.667488211037,-170.256545477482,-79.9938476037312,154.875111464936,-68.5925430894565,99.7782488810867,-67.3599254830397,113.565789559121,-0.559827636485108,-42.8868940806304,-61.2517986412931,-11.5776337453188,-20.1454834915986,24.0728337994839,-38.9481454768376,-14.9754497447697,26.330890706631,-0.522206639230717,-21.3346647703878,20.7053538885981,5.4879039311443,-5.10628407327099,14.565701926335,14.5147149455965,6.6676153969334,-19.7208474660643,-28.8058594499365,11.0863412968175,-1.43871872216481,37.1461639768321,-2.34888651296738,-14.4502640949532,-56.5768316022829,-107.293255287043,-80.1414211150278,-127.89106919834,-36.9060505588885,-48.9584091858912,-84.1684209501989,-125.949522264006,76.466515232596,-1.27897692436818e-13,874.145963187334,7.33021756152292,-294.995817409987,-124.6174721063,28.6190642116932,-117.353690755777,-56.7500127436158,-78.2770865833323,-10.1674068614826,1.8764439492516,-14.0268069786801,-2.98899690391061,43.0434090948364,-34.827125324045,-33.1724097117942,-7.96437242964451,18.5150827788147,33.9049954952698,14.0712809507279,-6.46827998033511,-2.46661732158261,-1.61280000619712,7.29552489463595,25.4655774216859,-17.9600697252237,-23.2950537314624,17.9154149607872,-27.7662960001775,-6.43183722730494,0.0863781981497322,-50.2828031104157,-22.6234954270381,27.920829316224,-83.6032716439398,169.908430040863,-124.120494860693,-59.2131573218419,-23.7409283391672,331.523108775075,-10.8348701714456,-3354.57741163419,Roure
8.24229573481716e-13,-597.92872340207,-353.538850397695,310.573060260238,26.6165035584227,-130.938460613049,10.1156938739339,47.2236187205109,-186.169780300945,173.477751432028,113.411156237728,27.8997423693917,30.1213776258747,-6.47360366392783,-5.61288258789987,-44.2410016391249,22.0750674130944,-51.2562325118569,-48.7399158848074,25.2353643394578,-21.0816868161155,-32.7156974794816,-0.784962928523207,8.13770624256582,11.0231245540218,-15.4608044792736,29.7798830382935,-1.42801086897145,21.8450397773033,-23.402065866971,-134.908170921164,-117.375292978316,32.8148867698091,-174.418327977415,-32.9133002801884,27.4992137222251,-21.5283341367401,-106.420667357397,97.6024999320537,512.180066118652,-44.9309290394233,-1917.12537585449,2.41584530158434e-13,1320.64891594647,-200.185088755838,-188.944721756113,173.383398352181,-178.742089264298,-18.6714215615448,-108.106088252537,27.581283259478,-102.179721357835,-89.2341972672495,-55.2546140045743,6.57250226864715,47.9822189515852,-48.0232279584238,-9.80709938574734,-32.4292897170217,45.8687122322828,22.8782749325168,-18.2592244218669,-11.672405389835,3.27129262072352,16.274021933182,-27.9029696695578,-23.6977968966505,26.6912789090007,-46.8321506463866,-28.6830909395932,-59.4013856681041,-10.8857573245209,107.899429209802,67.1285977361185,9.08637673875909,-251.657234453583,107.567932795712,-227.71842851608,165.629009870901,12.2606920543412,-121.116847244663,35.4380981912017,-192.287757426808,-4698.72331214831,Roure
